"Ens_1","Ens_2","Ens_3","Ens_4","Ens_5","Ens_6","Ens_7","Ens_8","Ens_9","Ens_10","Ens_11","Ens_12","mean","sd","Year","LeadTime"
26.3840659306436,26.4306867602887,26.4078924243675,26.4335469366607,26.5271116654503,26.4713308534945,26.4346297768986,26.4303655063405,26.4303655063405,26.4303655063405,26.5775077194241,26.5355350133994,26.4577836333041,0.0583137981888199,1981,0.5
27.1354453720936,27.1229538637049,27.1505964418571,27.2057282860904,27.1160599407665,26.9982187777705,27.0890977488907,26.9993201679087,26.9993201679087,26.9993201679087,27.0942114695721,27.1292805493197,27.086629412816,0.0709755366615117,1982,0.5
29.0623038456827,29.0644708589224,29.0875417297962,29.115040770614,29.2628006994618,29.2098475131547,29.1578517240636,29.2003982632343,29.2003982632343,29.2003982632343,29.0686079525055,28.9995053099226,29.1357637661522,0.080316211762227,1983,0.5
26.6098406922583,26.6290779249766,26.5599742386218,26.634099667935,26.369301665063,26.3609365677451,26.3669447669371,26.3629181363791,26.3629181363791,26.3629181363791,26.7007498545655,26.6668818876705,26.4988801395759,0.144265991114677,1984,0.5
25.9130739256235,25.8819180520886,25.9187773570232,25.9586549374721,26.0495149235037,26.0081010570288,25.9510972436099,25.9861241372936,25.9861241372936,25.9861241372936,25.9940708214799,25.9955823969714,25.9690969272235,0.0465999856626647,1985,0.5
26.4977953259745,26.4891515823609,26.4562949522294,26.4805179568748,26.4535051811613,26.4952398289971,26.4239982938171,26.4346290085192,26.4346290085192,26.4346290085192,26.4087577894622,26.4144406820151,26.4519657182042,0.0318391517632488,1986,0.5
28.139989601312,28.1429003955209,28.1145158519507,28.103396322213,28.1996604287051,28.1659409256117,28.1592971577364,28.1731026151389,28.1731026151389,28.1731026151389,28.1168506846708,28.09047684355,28.1460280047239,0.0336318345184816,1987,0.5
27.5774403876374,27.6174311714376,27.547103470447,27.5296777905415,27.4116516963258,27.4745173190792,27.4517077345687,27.399729754198,27.399729754198,27.399729754198,27.4970904229584,27.5194911616796,27.4854417014391,0.074882297610448,1988,0.5
25.5044511363256,25.4784226579037,25.4974657762497,25.5077175575569,25.6392479316861,25.5863585106617,25.6339443805171,25.5533147733692,25.5533147733692,25.5533147733692,25.3363331813438,25.3669278523926,25.5175677753954,0.0927651735169057,1989,0.5
27.0680159502488,27.094495936511,27.0790404593456,27.0633239644097,27.0921578092796,27.1142415881369,27.1223718741786,27.0696995237082,27.0696995237082,27.0696995237082,27.0380746906029,27.0723743166728,27.0794329300425,0.0231177974351867,1990,0.5
27.579304894024,27.4987576972567,27.5573903524089,27.58078956604,27.4884501880503,27.4958430815508,27.5172199446462,27.5355509793695,27.5355509793695,27.5355509793695,27.4751298771823,27.4424789687104,27.5201681256648,0.0419917628518826,1991,0.5
28.7572966182933,28.7102311282234,28.7253021199435,28.7717654284309,28.7247672429484,28.7439511107038,28.7180958304176,28.7118976205428,28.7118976205428,28.7118976205428,28.6705275924873,28.6591630687476,28.7180660834854,0.0317589864024254,1992,0.5
27.2599944184383,27.1806393859646,27.1401823965198,27.1854014847155,27.3049820374678,27.195292896128,27.2499649911428,27.2784067585719,27.2784067585719,27.2784067585719,27.185277782447,27.1659438053342,27.2252416228228,0.0551683905652443,1993,0.5
26.8312462179419,26.7898106600512,26.8294170230043,26.7903783155635,26.7666571986017,26.7828564669359,26.8162357955905,26.7702599251759,26.7702599251759,26.7702599251759,26.7307859750567,26.7228440099434,26.7809176198514,0.0340250288143855,1994,0.5
28.0607382932449,28.09298397343,28.0526298924138,28.0469694596561,27.9415677422508,28.0361252307042,27.9768121076778,28.022991697206,28.022991697206,28.022991697206,27.97860251306,27.9572390558035,28.0177202799883,0.0453995795227484,1995,0.5
26.305132561614,26.3699207509903,26.3102035760455,26.3590819006935,26.3960372972403,26.3808727570396,26.4162745790261,26.3830071651574,26.3830071651574,26.3830071651574,26.3130320788705,26.3308297699573,26.3608672305791,0.0370827363396883,1996,0.5
26.6930030543961,26.7463347389099,26.7509525863457,26.6836814200389,26.7491084590103,26.8139799257438,26.7474362174457,26.7276903516256,26.7276903516256,26.7276903516256,26.8012517293294,26.7817627911899,26.7458818314406,0.0389489296014942,1997,0.5
29.1412028110389,29.1322600284787,29.1512739518109,29.2030684935218,29.1660551625352,29.1576296522443,29.0804866647975,29.102409213197,29.102409213197,29.102409213197,29.3573253210003,29.4363115722058,29.1777367747687,0.10907831993032,1998,0.5
25.3995212548132,25.3875623726802,25.3830015519086,25.3766666453152,25.402779825656,25.3538587641589,25.3921322882069,25.3930997831511,25.3930997831511,25.3930997831511,25.3594349505855,25.380713297934,25.3845808583927,0.0150583663442266,1999,0.5
25.4196597658589,25.4128040510915,25.373587327845,25.3888282571884,25.4335441215366,25.3719195231609,25.3408874980906,25.3916041668299,25.3916041668299,25.3916041668299,25.4041117227864,25.4116712287998,25.3943188330706,0.024786694294678,2000,0.5
26.5285212198893,26.5844455793792,26.5797516351928,26.550113065995,26.671143951688,26.6780704865481,26.5834925170463,26.6335235296511,26.6335235296511,26.6335235296511,26.5041437132048,26.5050775830546,26.5904441950793,0.0604176610087028,2001,0.5
27.2141410909235,27.2675988916407,27.2895289640376,27.2857298349527,27.105565813986,27.1469475955249,27.1681878672989,27.1989447445793,27.1989447445793,27.1989447445793,27.1839077961424,27.235120045735,27.2077968444983,0.0553051316226599,2002,0.5
27.8849682969418,27.8697697202577,27.8588291786996,27.7895660298393,27.9451610306793,27.9235701909465,27.908337689976,27.9199995051093,27.9199995051093,27.9199995051093,27.6713176734095,27.7496467699129,27.8634304246659,0.0840718008579247,2003,0.5
27.2856598138384,27.3131321075766,27.2785279789073,27.2365489524529,27.2182219296216,27.2715158377527,27.2547876592626,27.2310636693781,27.2310636693781,27.2310636693781,27.293139816393,27.3105467730027,27.2629393230785,0.0334953954149823,2004,0.5
27.3293286253849,27.3923433953216,27.3578078088063,27.3528067848899,27.3189806708678,27.3695438201415,27.3287545134464,27.3427900018539,27.3427900018539,27.3427900018539,27.4198238352403,27.4126753203584,27.3592028983349,0.0330671975286551,2005,0.5
25.9678194552607,25.971056766476,25.9692513402983,26.0337376518046,25.9540388817881,25.9860924365474,26.0134733747458,25.9381732498686,25.9381732498686,25.9381732498686,25.6794825807187,25.8204229222262,25.934157929956,0.0957597513442009,2006,0.5
27.6248884456043,27.785696702845,27.6288930515555,27.6671198948607,27.5819183934394,27.6481977180576,27.6065927393296,27.6534991850827,27.6534991850827,27.6534991850827,27.642707753309,27.5627877750499,27.6424416691083,0.0550335968392212,2007,0.5
25.3512707028584,25.351368225832,25.4420774871228,25.4281976737228,25.1640717035521,25.2579932799314,25.1807641490045,25.155980870048,25.155980870048,25.155980870048,25.5601248341661,25.556373834185,25.3133487083766,0.156619119742392,2008,0.5
26.308320608156,26.3473483100932,26.3520953336502,26.3533222178087,26.3686892191569,26.4070531909691,26.4284628903802,26.3817411582525,26.3817411582525,26.3817411582525,26.1812019076152,26.2203839925946,26.3426750954318,0.0733560231302147,2009,0.5
28.2878734806217,28.3168185262969,28.2441830184583,28.2589335484088,28.2807382661816,28.3098250574394,28.251576945531,28.2910071286288,28.2910071286288,28.2910071286288,28.3365627737606,28.3733486780721,28.2944068067214,0.0364670673286897,2010,0.5
25.5012601420629,25.5180237815979,25.47608795778,25.5258373729685,25.4924266087605,25.6144016728257,25.562878148016,25.5944139443192,25.5944139443192,25.5944139443192,25.415480707206,25.4256862939573,25.5262770431777,0.0672760805745659,2011,0.5
25.9692306620552,25.9947206629789,26.0266766233665,26.0239033996528,26.1209183657233,26.1406159528436,26.1429252760508,26.1069812944654,26.1069812944654,26.1069812944654,26.014749917967,26.0487209904853,26.0669504778766,0.0604658126089894,2012,0.5
26.552351769704,26.5711097343295,26.5673480688357,26.6004821314956,26.5828186245951,26.6298909552807,26.6055614485035,26.6098426268062,26.6098426268062,26.6098426268062,26.7898916254707,26.6882058855897,26.6180990103519,0.0643780244927606,2013,0.5
26.5666775150945,26.5299021776985,26.529901898906,26.5060498310708,26.3608732070515,26.3307236418155,26.2568401635862,26.2894091750636,26.2894091750636,26.2894091750636,26.5292990951402,26.6292063803171,26.4256417863226,0.134047717522498,2014,0.5
27.4039016900428,27.4016057148762,27.3781579947514,27.4275320906478,27.3910997768137,27.3973841267686,27.4140938335562,27.3773946269098,27.4038514631955,27.4593698328192,27.4253029168821,27.4342921693907,27.4094988530545,0.0239728052485402,2015,0.5
29.361545086757,29.3476044489951,29.3797857077151,29.3836120530671,29.4155954337163,29.4088179950408,29.4083007023721,29.3859026971773,29.3819800188197,29.3766951535475,29.3320850263517,29.3695642739906,29.3792907164625,0.0247716595557879,2016,0.5
26.709729940921,26.6982664424468,26.6545631762282,26.7177984710258,26.7118043610544,26.6735183559425,26.6998423340061,26.6970513117717,26.6074983389407,26.6510971905713,26.608406828474,26.6332416058437,26.6719015297689,0.0400545690362343,2017,0.5
26.2195820187927,26.2540764460164,26.2484074862883,26.2196815681118,26.368488185971,26.3442555391852,26.4141613489379,26.3297432782178,26.2432013696953,26.2474763193657,26.2159647984088,26.2549402029544,26.2799982134954,0.0664227420858792,2018,0.5
27.7113779003395,27.7311864196723,27.6868587466697,27.7260760309012,27.6868418627244,27.6833187416063,27.7116578352005,27.7371365076293,27.724875870023,27.7535866994059,27.7275294271595,27.7373718084924,27.7181514874853,0.0225877567612505,2019,0.5
27.3648576991443,27.3550007968025,27.4017036594384,27.437132843888,27.4720722579276,27.4555338385271,27.4344676964636,27.4352423180021,27.4523074614173,27.4435497630726,27.426988438489,27.4916979233849,27.4308795580464,0.0400875098407754,2020,0.5
27.0843809471198,27.2401102783421,27.2813340695359,27.325333406581,27.1770495314437,27.2918066204975,27.1680154953411,27.2101441483659,27.2101441483659,27.2101441483659,27.5695993828051,27.3291482976414,27.2581008728671,0.120740759954843,1981,1.5
27.9612497985894,28.1011357502929,28.2370121967771,28.2327238004688,27.9308704675413,27.8371316362405,27.8682240776837,27.6489473876681,27.6489473876681,27.6489473876681,27.9860764977766,27.9335132877669,27.9195649730118,0.206138896375971,1982,1.5
29.0342403860653,29.1030299650794,29.0545732324774,29.2341381589784,29.147716590215,29.1435792382388,28.9990706112296,29.157476642765,29.157476642765,29.157476642765,29.3603897604713,29.224448559331,29.1478013691984,0.0974839020842153,1983,1.5
27.2470124188591,26.9291381019959,26.9836652011157,27.4489224513797,26.9051790934408,26.432710460588,26.8295258880724,26.6018956876269,26.6018956876269,26.6018956876269,27.262589524349,27.3414495879529,26.9321566492195,0.334864172248303,1984,1.5
26.7432621294589,26.5036886286608,26.9207727700844,26.8957371193245,27.0636892607718,27.0515112885392,26.7731301312778,27.0702666250355,27.0702666250355,27.0702666250355,26.6510408710881,26.7199814264362,26.8778011250623,0.196184277100751,1985,1.5
27.3160835238914,27.7101503157998,27.6213972598261,27.4685257794385,27.4995640535406,27.7149260753829,27.4804279136998,27.3936903608462,27.3936903608462,27.3936903608462,27.5917084977801,27.3696698955461,27.4961270331203,0.134642430672993,1986,1.5
28.7265492471569,28.7231337909393,28.7678039707177,28.8250135363954,28.867520014445,28.7236863848572,28.7026094854834,28.6126760118998,28.6126760118998,28.6126760118998,28.7540670248701,28.6558230768976,28.7153528806218,0.0825829368807616,1987,1.5
28.563086790197,27.9727066094438,28.1494433527112,28.1056244658064,27.9538256803298,28.065767920591,28.1354994544371,27.6645986995595,27.6645986995595,27.6645986995595,28.0064959160572,28.2710655368798,28.018109318761,0.266830648598519,1988,1.5
26.4676696144961,26.1851720010958,26.5806713954225,26.6018627017152,26.5794534088244,26.5410344536929,26.4374705975918,26.5428820319354,26.5428820319354,26.5428820319354,26.0942893308752,26.1392783710663,26.4379623308822,0.186597812865088,1989,1.5
27.8726190509218,28.1430740254448,28.0650954255021,28.00463700252,28.1682654974082,28.2352192788626,27.859248492807,28.077029505303,28.077029505303,28.077029505303,27.9812010664778,28.2155369539312,28.064665442482,0.120165851963358,1990,1.5
28.0869522400718,28.2006815742044,27.992751344215,28.3521052375834,28.2320237763213,28.1681445626652,28.2969366879387,28.2828694817854,28.2828694817854,28.2828694817854,28.0974776358103,28.2810383896989,28.2130599911554,0.106999842892744,1991,1.5
29.228895071781,29.1179112453087,28.9711335840072,29.3575176708201,29.1086151986624,29.2335063675933,29.0594504419283,29.0207643117922,29.0207643117922,29.0207643117922,29.0411448283204,29.0180540713822,29.0998767845983,0.116155406015352,1992,1.5
28.0971408884793,27.9346951231387,28.0057905234543,27.9428217372792,28.4599860118247,28.1262987956219,28.2800276819185,28.2379461822238,28.2379461822238,28.2379461822238,27.9018071186521,27.7939707744143,28.1046981001212,0.193851563915248,1993,1.5
27.4808220616849,27.4925328728987,27.635102593325,27.7673912388331,27.0521530450559,27.4858793030873,27.3582449112346,27.2659203228466,27.2659203228466,27.2659203228466,27.4590649256307,27.6378882165049,27.4305700113996,0.199603602054953,1994,1.5
28.795557345086,28.6952020199754,28.5959419957669,28.689190716667,28.315325310311,28.6425659023292,28.6301827320228,28.6625909618303,28.6625909618303,28.6625909618303,28.7076065927053,28.5853791976358,28.6370603914992,0.115248444758769,1995,1.5
26.9553885740392,27.4826682119659,27.1945335775773,27.2127394582711,27.2482160952427,27.4749348142355,27.5737704856723,27.2838388330796,27.2838388330796,27.2838388330796,27.3484400954901,27.2445904124867,27.2988998520183,0.161042628771206,1996,1.5
27.3894242815368,27.7132855073653,27.8034125615356,27.6462010062315,27.5982301749435,27.9269552111838,27.7336165620256,27.6769397857992,27.6769397857992,27.6769397857992,27.6109583135595,27.9744098955722,27.7022760726126,0.15314297440548,1997,1.5
29.1601504531561,28.9866050135431,28.9853073568905,29.174195767299,29.1696493893384,29.1013714523451,29.1072192540568,29.258428961198,29.258428961198,29.258428961198,29.0790759917886,29.3285658083285,29.1556189475283,0.109086576287839,1998,1.5
25.9335109622296,25.9234270208022,26.1787706602916,26.3052059350379,26.6131821392692,25.9200150324912,26.0415880335844,26.2812129307983,26.2812129307983,26.2812129307983,26.1012584053896,26.1866049197056,26.170600158433,0.202838303248119,1999,1.5
26.5045968122023,26.3982890769972,26.0629330089386,26.4005611406078,26.64977535377,26.6254336753206,26.5064826564143,26.6734600679122,26.6734600679122,26.6734600679122,26.0739623493052,26.376847115855,26.4682717827623,0.218330423741574,2000,1.5
27.5206052198767,27.4656810386508,27.5081994639786,27.3366316865047,27.579646839815,27.5034221676369,27.5299092359084,27.7568622595911,27.7568622595911,27.7568622595911,27.4090436163646,27.3454629690677,27.5390990847147,0.149955524839375,2001,1.5
27.9796430142381,28.0491145842853,28.0266573118866,28.1249167940408,28.0000412646887,28.0248618474406,28.0321564767875,28.2006880272306,28.2006880272306,28.2006880272306,28.125556344017,28.3798986016748,28.1120758600626,0.117154146367803,2002,1.5
28.2573794026638,28.1802670687915,27.9675782521566,27.982085872249,28.4925847215023,28.4183888834853,28.5807718627168,28.6058646523379,28.6058646523379,28.6058646523379,28.3846598810478,28.3849269030566,28.3721864003903,0.231629142642442,2003,1.5
28.0246526782738,28.4037731735039,28.1751823357295,27.8870882894479,28.1175368201924,28.1085297487636,28.161307295801,28.304330812206,28.304330812206,28.304330812206,28.0915641104686,28.5068467696083,28.1991228048673,0.172158161005559,2004,1.5
28.1704174830527,28.4929897967932,28.1872347833426,28.121258094774,28.4479335200128,28.3123603385613,28.1523919335024,28.4933730956705,28.4933730956705,28.4933730956705,28.4327771395923,28.4213742920847,28.3515713890606,0.152301211919436,2005,1.5
27.0918479552243,26.7504284462614,27.0089324774377,27.1305579799169,26.7558108549067,26.6669640940566,27.0201449402726,26.6674981992725,26.6674981992725,26.6674981992725,26.403435161407,26.6415294742414,26.7893454984618,0.222046983799673,2006,1.5
28.5312033056575,28.6533588334626,28.2957941827077,28.427962587054,28.362089769088,28.2625649260115,28.166641554943,28.2616230527772,28.2616230527772,28.2616230527772,28.3411131126145,28.1823331523494,28.333994215185,0.142649414708161,2007,1.5
26.1475507392815,26.3722464345568,26.2983480035302,26.5741415720785,25.7084053331943,26.3517483763941,25.967502339001,25.7535098818747,25.7535098818747,25.7535098818747,26.5520979121407,26.2952485722017,26.1273182440002,0.325930264235631,2008,1.5
27.0878080004252,27.5043506452319,27.4421878821497,27.4231047774806,27.219883294879,27.3768756886855,27.5726274194564,27.2070599248278,27.2070599248278,27.2070599248278,27.2264063354057,27.0995810265635,27.2978337370634,0.159616623510076,2009,1.5
28.8399660957051,29.0279984363685,29.0981642915178,28.9414119584463,28.9636818448915,28.8420144997391,28.8857186057351,28.953636414227,28.953636414227,28.953636414227,28.9194949314981,29.0306300232967,28.9508324941566,0.0760746645988328,2010,1.5
26.6089093995392,26.4895946856276,26.7969511307497,26.8222173700996,26.3856109986331,26.7407731686896,26.9671303652187,26.795370686713,26.795370686713,26.795370686713,26.9676084331438,26.7078592637006,26.7393972396284,0.172969535911377,2011,1.5
27.1061739386084,26.9799132899592,27.108154075881,27.1336736798074,27.1594698594853,26.9325022739948,27.0514479278456,27.007067008877,27.007067008877,27.007067008877,26.6927892409544,27.1584930657915,27.0286515315799,0.129219057636411,2012,1.5
27.5540276219713,27.3523755235043,27.5401134286972,27.4963128706988,27.3290546777627,27.5037687067042,27.3581034308449,27.4642174936658,27.4642174936658,27.4642174936658,27.7837308655873,27.5776265768231,27.4906471819659,0.122484264331311,2013,1.5
27.6817367846103,27.602946806719,27.6124795447909,27.5532132963021,27.6399475648441,27.800843706318,27.3662588524096,27.4896740632899,27.4896740632899,27.4896740632899,27.4325450516427,27.6493652976133,27.5673632579266,0.120534752726607,2014,1.5
28.351574457478,28.4365030312496,28.2464290523699,28.2860863289519,28.190847158857,28.2810482086345,28.22133102009,28.2146441855745,28.1027403710785,28.2738916767685,28.1785889623849,28.2974245374003,28.2567590825698,0.0863435689990638,2015,1.5
29.4565329220206,29.5179435403589,29.4904146687445,29.6645736048353,29.643909518944,29.8832796848182,29.6512343224782,29.7007513675248,29.7352038330785,29.8913908089758,29.57368479778,29.6702993396344,29.6566015340994,0.13778255033659,2016,1.5
27.5879497664073,27.5050563812256,27.5706119639351,27.7659572798513,27.7351254277901,27.5898533173423,27.8317604064941,27.8393321351784,27.6977569695675,27.7305305943345,27.7315554219346,27.7931387726211,27.6982190363902,0.109693744745909,2017,1.5
26.8098602430918,26.9675926201696,27.1735699529529,27.0135804650618,26.9871326657328,27.3916203401943,27.5186536588346,27.3559584830109,27.3015997201576,27.3602680233498,27.1032764992399,27.3647027721167,27.1956512869927,0.217805358379776,2018,1.5
28.4992599487305,28.5621870350285,28.1322016350513,28.381408031824,28.475973258469,28.3782376614059,28.2959836018064,28.4980199681246,28.3554923453645,28.6224899189995,28.4286104566061,28.5203500873477,28.4291844957298,0.13192843706421,2019,1.5
28.2083567077038,28.155719498687,28.3770570466013,27.9049058733989,28.3407868642008,28.1529337293111,28.2733523798924,28.4268861624434,28.4017730243703,28.3252269384483,28.0989404362153,28.7939394952567,28.2883231797108,0.218489422673477,2020,1.5
28.0492325135093,28.4616113482525,28.1500164922758,28.5700315315668,28.32940195801,28.1448397338922,28.5197691415933,28.5014176734204,28.5014176734204,28.5014176734204,28.1905831797663,28.602758026803,28.3768747454942,0.193549919003504,1981,2.5
28.7340126207593,28.9057786332945,29.0040512220957,28.9502583196031,28.8024201010638,28.8082693647361,28.9078900750308,28.5512874861665,28.5512874861665,28.5512874861665,28.8629511426902,28.8372080287831,28.7888918305463,0.15980464071731,1982,2.5
29.158943380264,29.3522975636039,29.2031238440311,29.3515542688217,28.9850290403859,28.8905997080811,29.0437887365168,29.0328016264128,29.0328016264128,29.0328016264128,29.1432226864412,29.3294245266022,29.1296990528322,0.153366833975033,1983,2.5
28.0774200765844,27.4835967677587,27.9463756955669,28.2305933838435,27.6159938975451,27.1617887772341,27.6482390371448,27.5347131637328,27.5347131637328,27.5347131637328,27.7851858088039,27.8773611446115,27.7025578400243,0.294110127818035,1984,2.5
27.5213426498168,27.1584483399961,27.8368436197971,27.6443435308555,27.9982774703898,27.783515216195,27.4432882183163,28.0500412123301,28.0500412123301,28.0500412123301,27.3673757971289,27.4623112636029,27.6971558119241,0.307997922286712,1985,2.5
28.3028602974088,28.7908672801951,28.4945125545835,28.3717226616627,28.3517936393751,28.3502546742213,28.3498155352479,28.3413607143463,28.3413607143463,28.3413607143463,28.4773831019002,28.2243633440259,28.3948046026383,0.143365611931802,1986,2.5
29.2670782704617,29.1492124887286,29.4765855683787,29.4835839161048,29.3418007066968,29.1823510528673,29.3819163521343,29.1819529949875,29.1819529949875,29.1819529949875,29.3570425778149,29.1633029060568,29.2790610686839,0.124129355128079,1987,2.5
29.075564845148,27.851732301627,28.586708242243,28.7810082223114,28.0800444353073,28.6831618460317,28.5810754881398,28.0667631315888,28.0667631315888,28.0667631315888,28.651115213486,28.685682330752,28.4313651933177,0.383567163827301,1988,2.5
27.5720644048191,27.0041489286644,27.5954210209974,27.4703514214718,27.4586980925099,27.4435109259186,27.1088599240716,27.2509418494349,27.2509418494349,27.2509418494349,26.6605009905157,26.9643994669651,27.2525650603532,0.279928725928349,1989,2.5
28.820253239596,28.9300867546476,29.0270428615033,28.8629975344408,29.0314103600813,28.7974026861888,28.5921568573052,29.0122633915322,29.0122633915322,29.0122633915322,28.9198985686277,29.1671784820829,28.9321014599225,0.149106300874516,1990,2.5
28.7582374307561,29.1338487784918,28.7580316750974,29.0903881535386,29.0383331312428,28.7834708915887,29.1654354374251,29.2047847605007,29.2047847605007,29.2047847605007,28.776025986289,29.2450280996992,29.0302628221359,0.200868558031052,1991,2.5
29.569305005133,29.4420980939678,29.3654718722039,29.6148066665187,29.5564702011897,29.1943152830562,29.4832454144211,29.2206428378236,29.2206428378236,29.2206428378236,29.3885544795616,29.4182134788092,29.3912007506943,0.150009102661912,1992,2.5
28.6817758699577,28.6426124844747,29.0258483308734,28.6668930733693,29.4507593573096,29.2456512791163,29.1467305453703,29.0466846561262,29.0466846561262,29.0466846561262,29.1716753607765,28.7332659090692,28.9921055148913,0.257979773242526,1993,2.5
28.1204857953729,28.1785409216787,28.5343800849031,28.8697009095109,27.5376597249784,28.0132623084301,27.6646952161602,27.9824091967414,27.9824091967414,27.9824091967414,28.4060374309247,28.5106860312124,28.1485563344496,0.378569828354896,1994,2.5
28.9397977703183,29.387386301622,29.1055827421301,29.2532884560379,28.5032732890464,29.409216372512,28.9446080933705,29.2593143959521,29.2593143959521,29.2593143959521,29.1556202995586,29.2261403775683,29.141904740835,0.248944040983935,1995,2.5
28.1740358594055,28.2215496002034,28.1659468754515,28.0353815687319,28.2969792615921,28.27074582649,28.5528135316682,28.2288423256016,28.2288423256016,28.2288423256016,28.2446017307819,28.1840077534504,28.2360490820483,0.119632380886308,1996,2.5
28.608996960781,28.7495174781949,28.6631001185181,28.7337373437728,28.8417420548764,29.0009747469489,28.8966035553903,28.6811342834364,28.6811342834364,28.6811342834364,28.746233068048,29.0235364849342,28.7756537218145,0.135432701094149,1997,2.5
29.0694047992455,29.2001283173043,29.3309952537006,28.9735316244251,29.1579848712778,29.3829590054544,29.0367058602671,29.4765062587146,29.4765062587146,29.4765062587146,29.1330814905558,29.121834304456,29.2363453585692,0.183776129733857,1998,2.5
26.9265049545098,27.0565239979409,27.2006590294115,27.4539191166135,27.533375490158,26.8358591049113,26.6855985740077,27.3646251148081,27.3646251148081,27.3646251148081,26.7956393406778,26.8016060439873,27.1152967497202,0.299338782854541,1999,2.5
27.6544157935974,27.0248421687706,26.7859367635798,27.3681998669357,27.8537286088641,27.580553819789,27.4443220658736,27.5259529596557,27.5259529596557,27.5259529596557,26.9461876058323,27.4556540218904,27.390974966175,0.31328865104071,2000,2.5
28.724198774858,28.4194400263768,28.4515962549709,28.3730600326457,28.6305327933952,28.4157804295341,28.5740418663637,28.6037055336855,28.6037055336855,28.6037055336855,28.7671880433054,28.3263274650098,28.541106857293,0.140894690030463,2001,2.5
29.0776089890968,29.2184552143389,28.9287185464951,29.0041309805477,29.2178918291116,29.17554397719,29.1515659869461,29.1039838263908,29.1039838263908,29.1039838263908,29.1733193627016,29.1128266686424,29.1143344195202,0.0844489007664714,2002,2.5
28.9591577261314,28.8040431833522,28.7418706693326,28.5710177328072,28.8831381602296,28.7099910028903,29.3500809219007,29.3474591777074,29.3474591777074,29.3474591777074,28.8168088093586,29.121182939798,28.9999723899102,0.289430508336981,2003,2.5
28.8137189827713,29.3171794095779,28.958640572859,29.0121480360388,28.9537704522172,29.2893369576085,29.17027796781,29.1693525297331,29.1693525297331,29.1693525297331,29.1454370536056,29.1721172740753,29.1117236913136,0.147414115781989,2004,2.5
28.778131461186,29.4438696230584,28.9533993216122,28.9409731560637,29.2383004016842,29.2638238475072,29.1863973280963,29.4344861035678,29.4344861035678,29.4344861035678,29.1974558770763,29.4618408794709,29.2306375172049,0.232248323609258,2005,2.5
27.832201163824,27.6946728004279,27.8536168402741,28.3147497772108,27.6782852009656,27.5704673318302,28.0129559936795,27.8214866583785,27.8214866583785,27.8214866583785,27.7049254555116,27.3774041704528,27.791978225776,0.229834342162673,2006,2.5
28.9822495608406,29.3521044250053,29.0371379784297,28.9976384236001,29.2417726227731,28.8385808132124,28.9305581043536,28.9581638138987,28.9581638138987,28.9581638138987,28.738485547098,28.5184734126888,28.9592910274748,0.213335322902774,2007,2.5
26.9354526567374,27.2640668695623,27.1685355249361,27.3168084693677,26.4571694800773,27.2090591899851,27.0230735466017,26.5555957923386,26.5555957923386,26.5555957923386,27.404447518143,27.0459059580975,26.9576088825437,0.340878407619449,2008,2.5
28.2653728797899,28.5459658712839,28.3616033509878,28.5100720621473,28.1907326023421,28.3358814151104,28.5826577205284,28.2197503720588,28.2197503720588,28.2197503720588,28.1256573076979,28.2426286517193,28.318318581482,0.151275103924327,2009,2.5
29.5936447660341,29.6425690880434,29.7172856866357,29.5776858474269,29.3647171129305,29.3894722338454,29.625599193063,29.7573438770206,29.7573438770206,29.7573438770206,29.634715683745,29.5699168798545,29.61563651022,0.131387393959588,2010,2.5
27.6080840751662,27.4784124139796,27.7332485321371,27.8267971249613,27.5259063435111,27.711914620085,27.9637928451021,27.775777055193,27.775777055193,27.775777055193,27.8657731414904,27.7012860745245,27.7285455280447,0.138071293996612,2011,2.5
28.2759599668669,28.025559427054,28.1534316969003,28.2445259808219,28.1016068450057,27.8223106193882,27.9239359972949,28.1951288437461,28.1951288437461,28.1951288437461,27.8112732790371,28.2108612774528,28.0962376350883,0.162645875672946,2012,2.5
28.7291856143564,28.0545149172479,28.7798181999601,28.4708355820328,28.1525771775135,28.543180883887,28.2210667690066,28.4579934376871,28.4579934376871,28.4579934376871,28.7206499436322,28.5911620780958,28.4697476232328,0.229982380174089,2013,2.5
28.8036471042191,28.4679994702127,28.7146554086723,28.6781617468904,28.8220496254171,28.5659106725465,28.4112037141905,28.7837637971004,28.7837637971004,28.7837637971004,28.5501051340086,28.5155621968914,28.6567155386958,0.14665679537646,2014,2.5
29.4290031494304,29.335305110231,29.3290913117761,29.3325263072675,29.174212770241,29.1413589212346,29.344112515237,29.2405893968388,28.9773443769431,29.2671188585686,29.0513215634487,29.1120038874009,29.2278323473848,0.136891052888346,2015,2.5
29.4452292532419,29.5353532202954,29.3008407959964,29.7169804224568,29.9250754086092,29.9392386927749,29.6297027839484,29.5828317822407,30.0268473633683,30.2823473850461,30.1383962512229,30.1408935111687,29.8053114058641,0.312998317233921,2016,2.5
28.1273099793895,28.0477689991235,28.3724932611095,28.6990939223618,29.1233760609346,28.5402727620062,28.834043081219,28.6890403489166,29.0215474671009,28.7824401549477,29.0663063028917,28.6224033063321,28.6605079705277,0.345774969750018,2017,2.5
27.7690199547698,27.6955937404259,28.4343861156606,28.0212988317969,27.9970718560584,28.3890842022955,28.5969163517263,28.2824183683344,28.3760432755033,28.3607754766835,28.1718014123818,28.4793177449979,28.2144772775529,0.286268616808957,2018,2.5
29.4311615813012,29.5184118301473,29.1064076959131,29.2789261251847,29.5123958723643,29.2771093671122,29.1161788865632,29.4339616608917,29.3446315180597,29.4630959930692,29.2285456189922,29.3026855285155,29.3344593065095,0.141311063290533,2019,2.5
28.6959511795996,29.0351158046892,29.1353089473677,28.7947328434908,29.3214896774972,28.6742638844645,29.4948713163216,29.4379820390181,29.3158402230438,29.309565335034,28.7156148764326,29.4105218421542,29.1117714974261,0.315563255512104,2020,2.5
28.41097017448,28.8778056384408,28.723758391518,29.1230019350103,29.0967315735026,28.6777842108579,29.2507919644714,28.9542526204318,28.9542526204318,28.9542526204318,29.0743296176142,29.0234495220762,28.9267817407722,0.229113985067855,1981,3.5
29.2317065172654,29.3928669744209,29.1455166318625,29.2496529917454,29.3075537996071,29.466397375559,29.1071252601882,29.1746762355594,29.1746762355594,29.1746762355594,29.2681026288745,29.2513836573364,29.2453612119615,0.104145170399037,1982,3.5
29.1499338133025,29.182912571545,29.2690286143366,29.4004719372102,29.1041397937904,29.2017404042888,29.1235671153893,29.2747924179104,29.2747924179104,29.2747924179104,29.0924098240925,29.0464122316629,29.1995827966125,0.102127915167226,1983,3.5
28.5588763809884,28.2491428184849,28.7666678233155,28.5216608914462,28.0552580760337,27.6630795694715,28.1252987907532,28.2733870215594,28.2733870215594,28.2733870215594,28.356753208208,28.1597869519456,28.2730571312771,0.277799299297911,1984,3.5
28.108295321677,27.7760472799155,28.3294012610288,28.4928340673872,28.5600356069691,28.4563232734667,28.0765106690759,28.6576710767287,28.6576710767287,28.6576710767287,28.1898067562763,28.103987270498,28.3388545613734,0.287238058890309,1985,3.5
28.9170057939336,29.1451769300111,28.7729648787283,29.0539520794058,28.8090185243603,28.8915503156801,28.7599257402879,28.8459595800934,28.8459595800934,28.8459595800934,28.9808054769315,28.7098727098761,28.8815125991246,0.126328402386551,1986,3.5
29.2674323913248,29.171027358628,29.6463037616641,29.6366598363866,29.6587306853922,29.2777329613181,29.4313994694946,29.1504818411434,29.1504818411434,29.1504818411434,29.7058718676236,29.3753085450905,29.3851593666961,0.223170349715902,1987,3.5
28.8058813166491,27.3679089027718,28.3220650100028,28.7486790233755,27.7792283872445,28.8332082575018,28.1728070542987,28.0864098322795,28.0864098322795,28.0864098322795,28.9892290424748,28.5193391959722,28.3164646405941,0.481942776417302,1988,3.5
28.2705398906361,27.7174650046065,28.33539834932,28.2120439526019,28.0017141794351,28.1835046825987,27.8483417327391,27.8469311243285,27.8469311243285,27.8469311243285,27.1474001199379,27.5989391510499,27.9046783696592,0.332508609211164,1989,3.5
29.2906724960409,29.3380317144003,29.4068343218635,29.2569836771212,29.2966966748025,29.2397793040556,29.1737108893573,29.0236020419687,29.0236020419687,29.0236020419687,29.5146999597124,29.6451948441286,29.269450833949,0.194849079547345,1990,3.5
29.008439021527,29.6427057065641,29.0256487766477,29.3161048685166,29.1750489063229,29.4272212608188,29.5524270674762,29.4569492170092,29.4569492170092,29.4569492170092,29.3571573281246,29.4733355109067,29.3624113414943,0.198624734916736,1991,3.5
29.7192049927465,29.3901408122398,29.4602253075802,29.7337812093915,29.6464269029478,29.3424323552858,29.40595554413,29.4046111115372,29.4046111115372,29.4046111115372,29.6916700862946,29.4447954555246,29.504038833396,0.147202596316191,1992,3.5
28.7143926229494,28.7895453039975,29.3434951530633,29.0770422515597,29.4961274736918,29.5284695004822,29.4362301205994,29.5141947775176,29.5141947775176,29.5141947775176,29.6306217214003,29.3498546783937,29.3256969298908,0.302389778612064,1993,3.5
28.849860346041,28.3463870233818,28.5537687291436,29.2713416128448,27.9836825644481,28.5265947807706,28.2281758075517,28.5357682709175,28.5357682709175,28.5357682709175,28.9466646741843,28.6958531432398,28.5841361245299,0.335991988481321,1994,3.5
28.822557292945,29.369727897984,29.0582953468364,29.5743941512762,28.613632552339,28.9983433946144,28.6431958169648,29.058090060365,29.058090060365,29.058090060365,29.1168538261862,29.4002675959133,29.0642948380129,0.288016699536944,1995,3.5
28.7653799413997,28.7008672364043,28.7814227085488,28.5998027107932,28.6242534957043,28.846924161316,29.2058800818023,28.7110069771289,28.7110069771289,28.7110069771289,28.7472993235325,28.5402914955017,28.7454285071991,0.167203154651672,1996,3.5
29.5002397513432,29.3358718783673,29.0949281940698,29.3736973216827,29.402905588269,29.4347677859818,29.3294090230197,29.5681976685549,29.5681976685549,29.5681976685549,29.4899412484942,29.5508675124768,29.4347684424475,0.139914602315096,1997,3.5
29.1333166758219,29.3911962152165,29.3228824023894,29.6756897754635,28.9248858603139,29.4969242932325,29.3115681836949,29.4125433869115,29.4125433869115,29.4125433869115,29.166244986223,29.500461843562,29.3467333663877,0.197082219973735,1998,3.5
27.6161005016742,27.7090176329043,27.8338182554738,28.0973676895713,28.2611470689961,27.4589809988909,27.3575304374763,28.1147624201103,28.1147624201103,28.1147624201103,27.49448371996,27.4229734254181,27.7996422492247,0.328787271479491,1999,3.5
28.3660535625383,27.822522909671,27.7353548366118,28.2511302281616,28.3987922770454,28.2864944573605,28.2209991244284,28.1844348771474,28.1844348771474,28.1844348771474,27.7435040567435,28.1568215178083,28.1279148001509,0.230540318989067,2000,3.5
29.1318574963194,29.2159405774611,29.1119857284899,29.0621575102237,29.3875037174599,29.1717078265022,29.0908371760458,29.2454270245557,29.2454270245557,29.2454270245557,29.3627775773645,28.7794165551769,29.1708721032259,0.159235613038466,2001,3.5
29.3894821139793,29.7979306851691,29.539919164729,29.6422365361994,29.6546769133651,29.5832373369186,29.4973951431519,29.4611072506284,29.4611072506284,29.4611072506284,29.6012082737397,29.4420841883423,29.5442910089566,0.116094329743602,2002,3.5
29.0682048151625,29.0261792303619,29.2738926321427,28.9612891321301,28.7567603677352,28.90270244034,28.8818071674748,29.4683234950863,29.4683234950863,29.4683234950863,28.561632863553,29.3379759185029,29.0979512543885,0.303569014280891,2003,3.5
29.3819426470262,29.6425362551276,29.1941765803917,29.6234735363095,29.6234289465104,29.7734770103359,29.5608333682844,29.5188930463876,29.5188930463876,29.5188930463876,29.6072040428665,29.5652447868796,29.5440830260745,0.144679442484876,2004,3.5
29.4310566159281,29.6867115986326,29.4532128876331,29.4930234150878,29.4576090372395,29.6895005469229,29.7067766308572,29.4352179848574,29.4352179848574,29.4352179848574,29.5873002546994,29.6538055984307,29.5387208783336,0.116068981048601,2005,3.5
28.4293624823531,28.2760992475159,28.3237156927479,28.8502885849081,28.2619052893763,28.2063822550782,28.4601154871378,28.5719989565817,28.5719989565817,28.5719989565817,28.2129003759374,27.9214397131228,28.3881838331602,0.240466627475276,2006,3.5
29.146000734625,29.6759645050647,29.2260972633294,29.466858661536,29.6209486963065,29.1711041693594,29.2857762947015,29.2173470855822,29.2173470855822,29.2173470855822,29.0686583153492,28.8692046962745,29.2652212161077,0.226289504974446,2007,3.5
27.5923031893643,27.8044895573308,27.9658934717297,27.8626909034987,27.1483444003073,27.8261000859334,27.6258850165654,27.3970366391269,27.3970366391269,27.3970366391269,27.9628258431447,27.6490177045744,27.6357216741524,0.259870435619067,2008,3.5
28.957736306012,29.2964349328515,29.0927285655085,29.0741067842154,28.8598243488985,28.9497291850534,29.2826805794728,29.1396510860287,29.1396510860287,29.1396510860287,28.9713137859542,29.0274973782626,29.0775837603596,0.132695952290324,2009,3.5
29.4067986398245,29.8094483747839,29.6455884855274,29.6998902489157,29.3868971023968,29.3355009551567,29.6584653667375,29.599667931623,29.599667931623,29.599667931623,29.8232123975023,29.5309464221757,29.5913126489908,0.155425927671701,2010,3.5
28.3207690533045,28.3602095925234,28.4317191424854,28.4557109839563,28.4719425310213,28.3964000946698,28.540662836901,28.563411916641,28.563411916641,28.563411916641,28.4466710694121,28.4461654826282,28.4633738780687,0.0815587801959311,2011,3.5
28.9095394046124,28.8237798592199,29.0196477614622,29.0123806713737,28.7564544065751,28.701184352664,28.7515193578819,28.9402866703516,28.9402866703516,28.9402866703516,28.6037432998684,28.9915737587288,28.8658902402868,0.13554138479569,2012,3.5
29.1392401492957,28.7916547873866,29.2735213281424,28.9792147107728,28.8211344924628,28.8741806254667,28.984057077962,29.1169780180416,29.1169780180416,29.1169780180416,29.1191717443619,29.2146634358561,29.045647700486,0.154463402048449,2013,3.5
29.282590896688,29.1894995235504,29.0875163868787,29.1932182108017,29.3111453574822,29.1731624637271,29.3480873753893,29.5077853415314,29.5077853415314,29.5077853415314,29.2652909929952,29.30301174973,29.3064065818197,0.140723759891666,2014,3.5
29.9724202079569,29.7558262190929,29.8587882506019,30.0223462517886,29.726353041841,29.7075413008637,29.6514552927272,29.8197151190882,29.6313672669219,29.9698038798178,29.7637989567775,29.5589083265281,29.7865270095005,0.14632730303073,2015,3.5
29.5318321663216,29.4055539911444,29.5126472071955,29.4026780799961,29.951587677002,30.0321755706733,29.8023093218472,29.5843624652176,30.1466697040089,30.3733520269819,30.0231368290974,30.0582458033706,29.818712570238,0.323688770544382,2016,3.5
29.063416074729,28.7656026558018,29.2918677066524,29.437806039358,29.6550856809565,29.4156299121877,29.7308763888218,29.1905412044967,29.7915437225777,29.6118535196505,29.4884665450098,29.2382083933621,29.3900748203003,0.298259333888622,2017,3.5
28.5558355164825,28.3849272770465,29.0412120411103,28.8104997454693,28.7247173424923,28.9407225386132,29.1723043132381,29.1159675550546,28.7732728492342,28.953520861539,28.779318855408,28.8816536344096,28.8444960441748,0.22597882213406,2018,3.5
29.9873380746008,29.888640980032,29.5535441209926,29.968341589399,29.8655639349246,29.892865709655,29.5209920784581,29.8004654223056,29.6018113358985,29.8830565080286,29.723270705252,29.7751499726811,29.788420036019,0.157789666355197,2019,3.5
29.0304781493869,29.6346847921769,29.2837779781185,28.7797635770312,29.7683182034688,29.458661516295,29.8743954350817,29.9591155332677,29.8082837259493,29.8154000674977,29.0795177656911,29.615776792992,29.5090144614131,0.38287148088938,2020,3.5
